[
  {
    "jid": "6282127063859@s.whatsapp.net",
    "db": [
      {
        "nama": "#setwelcome",
        "count": 1
      },
      {
        "nama": "#welcome",
        "count": 1
      }
    ]
  },
  {
    "jid": "6285213736323@s.whatsapp.net",
    "db": [
      {
        "nama": "#setleft",
        "count": 1
      },
      {
        "nama": "#autosimi",
        "count": 1
      },
      {
        "nama": "#autoaigrup",
        "count": 1
      },
      {
        "nama": "#left",
        "count": 1
      }
    ]
  },
  {
    "jid": "6285143569870@s.whatsapp.net",
    "db": [
      {
        "nama": "#setwelcome",
        "count": 1
      },
      {
        "nama": "#welcome",
        "count": 1
      },
      {
        "nama": "#autoaigrup",
        "count": 3
      },
      {
        "nama": "#autosimi",
        "count": 1
      }
    ]
  }
]