{"noiseKey":{"private":{"type":"Buffer","data":"OCaftFOsEiW5o7M3D6WYzdFVn+IpTqMwjakNoCu6AVI="},"public":{"type":"Buffer","data":"PDPwn/S+Gb8gFmIkBrTF5TVNeP16wZlWVvge/+oD6RU="}},"pairingEphemeralKeyPair":{"private":{"type":"Buffer","data":"MLmCmIlOn1uNoJ0wlwZVyD5DxvvawdB6IM0AaVcGlVE="},"public":{"type":"Buffer","data":"OttpsmRIcjq/pIY2VCa5ZlC7cfaOiA8pHRT8ox9Fo1s="}},"signedIdentityKey":{"private":{"type":"Buffer","data":"YPtyE0/qG7RJN2n0uQ7SQLI5Yiu6kcRgSwxcUiTBN0c="},"public":{"type":"Buffer","data":"uHvxEsJ6+rfDoSfnFgM2nKg5XL07lvBADLIFrq+LSSE="}},"signedPreKey":{"keyPair":{"private":{"type":"Buffer","data":"gC775pDV/+CW2jQ281dW8u4Yr6s2HQqM3rIf4WJ5tFQ="},"public":{"type":"Buffer","data":"4zeCcml3duSX+2YHkJtQDWZeH/M7P8721rYSlE3xkho="}},"signature":{"type":"Buffer","data":"EWmd0AJfA0U6J9DkKwDZ80SGVRGS19fHSEQWRKBrzdx9ghyFmGutGCimSovqsqjhEsmvOArwzT0qccfHHvyEgg=="},"keyId":1},"registrationId":207,"advSecretKey":"GOriK1Vyb6NlsK+5z6zv5paWHH/i/OPmYRTSoVezI+A=","processedHistoryMessages":[],"nextPreKeyId":1,"firstUnuploadedPreKeyId":1,"accountSyncCounter":0,"accountSettings":{"unarchiveChats":false},"deviceId":"D-6PJloPR2ipUkoPKjcqSg","phoneId":"6284a157-b065-4ea9-89bb-3f7e5af98923","identityId":{"type":"Buffer","data":"Mt6F3KxZuqKTZyDW2o6XJWom6nk="},"registered":false,"backupToken":{"type":"Buffer","data":"PM8QVmKvSlEvlJHRtdEp1r7ZoOU="},"registration":{},"pairingCode":"KAZKJT86","me":{"id":"6285143569870@s.whatsapp.net","name":"~"}}